postid;userid;pdate;content
101;1001;20230718;Hello
102;1002;20230719;World
103;1003;20230720;Test
104;1004;20230721;Data
105;1005;20230722;Entry
106;1006;20230723;Sample
107;1007;20230724;Example
108;1008;20230725;Record
109;1009;20230726;Post
110;1010;20230727;Content
111;1011;20230728;Message
112;1012;20230729;Info
113;1013;20230730;Note
114;1014;20230731;Item
115;1015;20230801;Data1
116;1016;20230802;Data2
117;1017;20230803;Data3
118;1018;20230804;Data4
119;1019;20230805;Data5
120;1020;20230806;Info1
121;1021;20230807;Info2
122;1022;20230808;Info3
123;1023;20230809;Info4
124;1024;20230810;Info5
125;1025;20230811;Sample1
126;1026;20230812;Sample2
127;1027;20230813;Sample3
128;1028;20230814;Sample4
129;1029;20230815;Sample5
130;1030;20230816;Test1
131;1031;20230817;Test2
132;1032;20230818;Test3
133;1033;20230819;Test4
134;1034;20230820;Test5
135;1035;20230821;Message1
136;1036;20230822;Message2
137;1037;20230823;Message3
138;1038;20230824;Message4
139;1039;20230825;Message5
140;1040;20230826;Note1
141;1041;20230827;Note2
142;1042;20230828;Note3
143;1043;20230829;Note4
144;1044;20230830;Note5
145;1045;20230831;Record1
146;1046;20230901;Record2
147;1047;20230902;Record3
148;1048;20230903;Record4
149;1049;20230904;Record5
150;1050;20230905;Final
151;1051;20230906;Final1
152;1052;20230907;Final2
153;1053;20230908;Final3
154;1054;20230909;Final4
155;1055;20230910;Final5
156;1056;20230911;Entry1
157;1057;20230912;Entry2
158;1058;20230913;Entry3
159;1059;20230914;Entry4
160;1060;20230915;Entry5
161;1061;20230916;Example1
162;1062;20230917;Example2
163;1063;20230918;Example3
164;1064;20230919;Example4
165;1065;20230920;Example5
166;1066;20230921;Sample6
167;1067;20230922;Sample7
168;1068;20230923;Sample8
169;1069;20230924;Sample9
170;1070;20230925;Sample10
171;1071;20230926;Content1
172;1072;20230927;Content2
173;1073;20230928;Content3
174;1074;20230929;Content4
175;1075;20230930;Content5
176;1076;20231001;Info6
177;1077;20231002;Info7
178;1078;20231003;Info8
179;1079;20231004;Info9
180;1080;20231005;Info10
181;1081;20231006;Note6
182;1082;20231007;Note7
183;1083;20231008;Note8
184;1084;20231009;Note9
185;1085;20231010;Note10
186;1086;20231011;Test6
187;1087;20231012;Test7
188;1088;20231013;Test8
189;1089;20231014;Test9
190;1090;20231015;Test10
191;1091;20231016;Record6
192;1092;20231017;Record7
193;1093;20231018;Record8
194;1094;20231019;Record9
195;1095;20231020;Record10
196;1096;20231021;Message6
197;1097;20231022;Message7
198;1098;20231023;Message8
199;1099;20231024;Message9
200;1100;20231025;Message10
201;1101;20231026;Final6
202;1102;20231027;Final7
203;1103;20231028;Final8
204;1104;20231029;Final9
205;1105;20231030;Final10
206;1106;20231031;Entry6
207;1107;20231101;Entry7
208;1108;20231102;Entry8
209;1109;20231103;Entry9
210;1110;20231104;Entry10
211;1111;20231105;Example6
212;1112;20231106;Example7
213;1113;20231107;Example8
214;1114;20231108;Example9
215;1115;20231109;Example10
216;1116;20231110;Sample11
217;1117;20231111;Sample12
218;1118;20231112;Sample13
219;1119;20231113;Sample14
220;1120;20231114;Sample15
221;1121;20231115;Content6
222;1122;20231116;Content7
223;1123;20231117;Content8
224;1124;20231118;Content9
225;1125;20231119;Content10
226;1126;20231120;Info11
227;1127;20231121;Info12
228;1128;20231122;Info13
229;1129;20231123;Info14
230;1130;20231124;Info15
231;1131;20231125;Note11
232;1132;20231126;Note12
233;1133;20231127;Note13
234;1134;20231128;Note14
235;1135;20231129;Note15
236;1136;20231130;Test11
237;1137;20231201;Test12
238;1138;20231202;Test13
239;1139;20231203;Test14
240;1140;20231204;Test15
241;1141;20231205;Record11
242;1142;20231206;Record12
243;1143;20231207;Record13
244;1144;20231208;Record14
245;1145;20231209;Record15
246;1146;20231210;Message11
247;1147;20231211;Message12
248;1148;20231212;Message13
249;1149;20231213;Message14
250;1150;20231214;Message15
